[{"id":1,"district_id":1,"division_id":1,"slug":"amtlee","name":"আমতলী","name_en":"আমতলী"},{"id":2,"district_id":1,"division_id":1,"slug":"bamna","name":"বামনা","name_en":"বামনা"},{"id":3,"district_id":1,"division_id":1,"slug":"brguna-sdr","name":"বরগুনা সদর","name_en":"বরগুনা সদর"},{"id":4,"district_id":1,"division_id":1,"slug":"betagee","name":"বেতাগী","name_en":"বেতাগী"},{"id":5,"district_id":1,"division_id":1,"slug":"pathrghata","name":"পাথরঘাটা","name_en":"পাথরঘাটা"},{"id":6,"district_id":1,"division_id":1,"slug":"taltlee","name":"তালতলী","name_en":"তালতলী"},{"id":7,"district_id":2,"division_id":1,"slug":"agoiljhara","name":"আগৈলঝাড়া","name_en":"আগৈলঝাড়া"},{"id":8,"district_id":2,"division_id":1,"slug":"gourndee","name":"গৌরনদী","name_en":"গৌরনদী"},{"id":9,"district_id":2,"division_id":1,"slug":"banaree-para","name":"বানারী পাড়া","name_en":"বানারী পাড়া"},{"id":10,"district_id":2,"division_id":1,"slug":"ujirpur","name":"উজিরপুর","name_en":"উজিরপুর"},{"id":11,"district_id":2,"division_id":1,"slug":"muladee","name":"মুলাদী","name_en":"মুলাদী"},{"id":12,"district_id":2,"division_id":1,"slug":"babugnj","name":"বাবুগঞ্জ","name_en":"বাবুগঞ্জ"},{"id":13,"district_id":2,"division_id":1,"slug":"mehendeegnj","name":"মেহেন্দীগঞ্জ","name_en":"মেহেন্দীগঞ্জ"},{"id":14,"district_id":2,"division_id":1,"slug":"hijla","name":"হিজলা","name_en":"হিজলা"},{"id":15,"district_id":2,"division_id":1,"slug":"brisal-sdr","name":"বরিশাল সদর","name_en":"বরিশাল সদর"},{"id":16,"district_id":2,"division_id":1,"slug":"bakergnj","name":"বাকেরগঞ্জ","name_en":"বাকেরগঞ্জ"},{"id":17,"district_id":3,"division_id":1,"slug":"vola-sdr","name":"ভোলা সদর","name_en":"ভোলা সদর"},{"id":18,"district_id":3,"division_id":1,"slug":"borhanuddin","name":"বোরহানউদ্দিন","name_en":"বোরহানউদ্দিন"},{"id":19,"district_id":3,"division_id":1,"slug":"doult-khan","name":"দৌলত খান","name_en":"দৌলত খান"},{"id":20,"district_id":3,"division_id":1,"slug":"lalmohn","name":"লালমোহন","name_en":"লালমোহন"},{"id":21,"district_id":3,"division_id":1,"slug":"tjumuddin","name":"তজুমুদ্দিন","name_en":"তজুমুদ্দিন"},{"id":22,"district_id":3,"division_id":1,"slug":"cr-fzasn","name":"চর ফ্যাশন","name_en":"চর ফ্যাশন"},{"id":23,"district_id":3,"division_id":1,"slug":"mnpura","name":"মনপুরা","name_en":"মনপুরা"},{"id":24,"district_id":4,"division_id":1,"slug":"kathaliya","name":"কাঠালিয়া","name_en":"কাঠালিয়া"},{"id":25,"district_id":4,"division_id":1,"slug":"rajapur","name":"রাজাপুর","name_en":"রাজাপুর"},{"id":26,"district_id":4,"division_id":1,"slug":"jhalkathee-sdr","name":"ঝালকাঠী সদর","name_en":"ঝালকাঠী সদর"},{"id":27,"district_id":4,"division_id":1,"slug":"nlchiti","name":"নলছিটি","name_en":"নলছিটি"},{"id":28,"district_id":5,"division_id":1,"slug":"mirjagnj","name":"মির্জাগঞ্জ","name_en":"মির্জাগঞ্জ"},{"id":29,"district_id":5,"division_id":1,"slug":"ptuyakhalee-sdr","name":"পটুয়াখালী সদর","name_en":"পটুয়াখালী সদর"},{"id":30,"district_id":5,"division_id":1,"slug":"dumkee","name":"দুমকী","name_en":"দুমকী"},{"id":31,"district_id":5,"division_id":1,"slug":"baufl","name":"বাউফল","name_en":"বাউফল"},{"id":32,"district_id":5,"division_id":1,"slug":"dsmina","name":"দশমিনা","name_en":"দশমিনা"},{"id":33,"district_id":5,"division_id":1,"slug":"glacipa","name":"গলাচিপা","name_en":"গলাচিপা"},{"id":34,"district_id":5,"division_id":1,"slug":"klapara","name":"কলাপাড়া","name_en":"কলাপাড়া"},{"id":35,"district_id":5,"division_id":1,"slug":"rangoabalee","name":"রাঙ্গাবালী","name_en":"রাঙ্গাবালী"},{"id":36,"district_id":6,"division_id":1,"slug":"pirojpur-sdr","name":"পিরোজপুর সদর","name_en":"পিরোজপুর সদর"},{"id":37,"district_id":6,"division_id":1,"slug":"najirpur","name":"নাজিরপুর","name_en":"নাজিরপুর"},{"id":38,"district_id":6,"division_id":1,"slug":"indurkanee","name":"ইন্দুরকানী","name_en":"ইন্দুরকানী"},{"id":39,"district_id":6,"division_id":1,"slug":"vandariya","name":"ভান্ডারিয়া","name_en":"ভান্ডারিয়া"},{"id":40,"district_id":6,"division_id":1,"slug":"kaukhalee","name":"কাউখালী","name_en":"কাউখালী"},{"id":41,"district_id":6,"division_id":1,"slug":"necharabad","name":"নেছারাবাদ","name_en":"নেছারাবাদ"},{"id":42,"district_id":6,"division_id":1,"slug":"mthbareeya","name":"মঠবাড়ীয়া","name_en":"মঠবাড়ীয়া"},{"id":43,"district_id":7,"division_id":2,"slug":"aleekdm","name":"আলীকদম","name_en":"আলীকদম"},{"id":44,"district_id":7,"division_id":2,"slug":"bandrban-sdr","name":"বান্দরবান সদর","name_en":"বান্দরবান সদর"},{"id":45,"district_id":7,"division_id":2,"slug":"lama","name":"লামা","name_en":"লামা"},{"id":46,"district_id":7,"division_id":2,"slug":"naikshzngchri","name":"নাইক্ষ্যংছড়ি","name_en":"নাইক্ষ্যংছড়ি"},{"id":47,"district_id":7,"division_id":2,"slug":"royangchri","name":"রোয়াংছড়ি","name_en":"রোয়াংছড়ি"},{"id":48,"district_id":7,"division_id":2,"slug":"ruma","name":"রুমা","name_en":"রুমা"},{"id":49,"district_id":7,"division_id":2,"slug":"thanci","name":"থান্‌চি","name_en":"থান্‌চি"},{"id":50,"district_id":12,"division_id":2,"slug":"nasirngr","name":"নাসিরনগর","name_en":"নাসিরনগর"},{"id":51,"district_id":12,"division_id":2,"slug":"srail","name":"সরাইল","name_en":"সরাইল"},{"id":52,"district_id":12,"division_id":2,"slug":"asugnj","name":"আশুগঞ্জ","name_en":"আশুগঞ্জ"},{"id":53,"district_id":12,"division_id":2,"slug":"brahmnbariya-sdr","name":"ব্রাহ্মণবাড়িয়া সদর","name_en":"ব্রাহ্মণবাড়িয়া সদর"},{"id":54,"district_id":12,"division_id":2,"slug":"bijyngr","name":"বিজয়নগর","name_en":"বিজয়নগর"},{"id":55,"district_id":12,"division_id":2,"slug":"akhaura","name":"আখাউড়া","name_en":"আখাউড়া"},{"id":56,"district_id":12,"division_id":2,"slug":"ksba","name":"কসবা","name_en":"কসবা"},{"id":57,"district_id":12,"division_id":2,"slug":"nbeengr","name":"নবীনগর","name_en":"নবীনগর"},{"id":58,"district_id":12,"division_id":2,"slug":"bancharampur","name":"বাঞ্ছারামপুর","name_en":"বাঞ্ছারামপুর"},{"id":59,"district_id":13,"division_id":2,"slug":"kcuya","name":"কচুয়া","name_en":"কচুয়া"},{"id":60,"district_id":13,"division_id":2,"slug":"mtlb-dkshin","name":"মতলব দক্ষিণ","name_en":"মতলব দক্ষিণ"},{"id":61,"district_id":13,"division_id":2,"slug":"mtlb-uttr","name":"মতলব উত্তর","name_en":"মতলব উত্তর"},{"id":62,"district_id":13,"division_id":2,"slug":"canndpur-sdr","name":"চাঁদপুর সদর","name_en":"চাঁদপুর সদর"},{"id":63,"district_id":13,"division_id":2,"slug":"haimcr","name":"হাইমচর","name_en":"হাইমচর"},{"id":64,"district_id":13,"division_id":2,"slug":"fridgnj","name":"ফরিদগঞ্জ","name_en":"ফরিদগঞ্জ"},{"id":65,"district_id":13,"division_id":2,"slug":"hajeegnj","name":"হাজীগঞ্জ","name_en":"হাজীগঞ্জ"},{"id":66,"district_id":13,"division_id":2,"slug":"sahrasti","name":"শাহরাস্তি","name_en":"শাহরাস্তি"},{"id":67,"district_id":14,"division_id":2,"slug":"chaglnaya","name":"ছাগলনাইয়া","name_en":"ছাগলনাইয়া"},{"id":68,"district_id":14,"division_id":2,"slug":"fulgajee","name":"ফুলগাজী","name_en":"ফুলগাজী"},{"id":69,"district_id":14,"division_id":2,"slug":"prsuram","name":"পরশুরাম","name_en":"পরশুরাম"},{"id":70,"district_id":14,"division_id":2,"slug":"fenee-sdr","name":"ফেনী সদর","name_en":"ফেনী সদর"},{"id":71,"district_id":14,"division_id":2,"slug":"dagnvuunnnga","name":"দাগনভূঁঞা","name_en":"দাগনভূঁঞা"},{"id":72,"district_id":14,"division_id":2,"slug":"sonagajee","name":"সোনাগাজী","name_en":"সোনাগাজী"},{"id":73,"district_id":15,"division_id":2,"slug":"catkhil","name":"চাটখিল","name_en":"চাটখিল"},{"id":74,"district_id":15,"division_id":2,"slug":"sonaimudee","name":"সোনাইমুড়ী","name_en":"সোনাইমুড়ী"},{"id":75,"district_id":15,"division_id":2,"slug":"senbag","name":"সেনবাগ","name_en":"সেনবাগ"},{"id":76,"district_id":15,"division_id":2,"slug":"begmgnj","name":"বেগমগঞ্জ","name_en":"বেগমগঞ্জ"},{"id":77,"district_id":15,"division_id":2,"slug":"subrncr","name":"সুবর্ণচর","name_en":"সুবর্ণচর"},{"id":78,"district_id":15,"division_id":2,"slug":"noyakhalee-sdr","name":"নোয়াখালী সদর","name_en":"নোয়াখালী সদর"},{"id":79,"district_id":15,"division_id":2,"slug":"kompaneegnj","name":"কোম্পানীগঞ্জ","name_en":"কোম্পানীগঞ্জ"},{"id":80,"district_id":15,"division_id":2,"slug":"kbirhat","name":"কবিরহাট","name_en":"কবিরহাট"},{"id":81,"district_id":15,"division_id":2,"slug":"hatiya","name":"হাতিয়া","name_en":"হাতিয়া"},{"id":82,"district_id":16,"division_id":2,"slug":"ramgnj","name":"রামগঞ্জ","name_en":"রামগঞ্জ"},{"id":83,"district_id":16,"division_id":2,"slug":"lkshneepur-sdr","name":"লক্ষ্ণীপুর সদর","name_en":"লক্ষ্ণীপুর সদর"},{"id":84,"district_id":16,"division_id":2,"slug":"raypur","name":"রায়পুর","name_en":"রায়পুর"},{"id":85,"district_id":16,"division_id":2,"slug":"kmlngr","name":"কমলনগর","name_en":"কমলনগর"},{"id":86,"district_id":16,"division_id":2,"slug":"ramgtee","name":"রামগতী","name_en":"রামগতী"},{"id":87,"district_id":8,"division_id":2,"slug":"meersrai","name":"মীরসরাই","name_en":"মীরসরাই"},{"id":88,"district_id":8,"division_id":2,"slug":"ftikchri","name":"ফটিকছড়ি","name_en":"ফটিকছড়ি"},{"id":89,"district_id":8,"division_id":2,"slug":"sndweep","name":"সন্দ্বীপ","name_en":"সন্দ্বীপ"},{"id":90,"district_id":8,"division_id":2,"slug":"khulsee","name":"খুলশী","name_en":"খুলশী"},{"id":91,"district_id":8,"division_id":2,"slug":"pahartlee","name":"পাহাড়তলী","name_en":"পাহাড়তলী"},{"id":92,"district_id":8,"division_id":2,"slug":"seetakund","name":"সীতাকুন্ড","name_en":"সীতাকুন্ড"},{"id":93,"district_id":8,"division_id":2,"slug":"raujan","name":"রাউজান","name_en":"রাউজান"},{"id":94,"district_id":8,"division_id":2,"slug":"boyalkhalee","name":"বোয়ালখালী","name_en":"বোয়ালখালী"},{"id":95,"district_id":8,"division_id":2,"slug":"rangguneeya","name":"রাংগুনীয়া","name_en":"রাংগুনীয়া"},{"id":96,"district_id":8,"division_id":2,"slug":"ptiya","name":"পটিয়া","name_en":"পটিয়া"},{"id":97,"district_id":8,"division_id":2,"slug":"anoyara","name":"আনোয়ারা","name_en":"আনোয়ারা"},{"id":98,"district_id":8,"division_id":2,"slug":"krnfulee","name":"কর্ণফুলী","name_en":"কর্ণফুলী"},{"id":99,"district_id":8,"division_id":2,"slug":"bannskhalee","name":"বাঁশখালী","name_en":"বাঁশখালী"},{"id":100,"district_id":8,"division_id":2,"slug":"satkaniya","name":"সাতকানিয়া","name_en":"সাতকানিয়া"},{"id":101,"district_id":8,"division_id":2,"slug":"cndnais","name":"চন্দনাইশ","name_en":"চন্দনাইশ"},{"id":102,"district_id":8,"division_id":2,"slug":"lohagara","name":"লোহাগাড়া","name_en":"লোহাগাড়া"},{"id":103,"district_id":8,"division_id":2,"slug":"hathajaree","name":"হাটহাজারী","name_en":"হাটহাজারী"},{"id":104,"district_id":8,"division_id":2,"slug":"bayjid-bostamee","name":"বায়জিদ বোস্তামী","name_en":"বায়জিদ বোস্তামী"},{"id":105,"district_id":8,"division_id":2,"slug":"canndgaoo","name":"চাঁদগাও","name_en":"চাঁদগাও"},{"id":106,"district_id":8,"division_id":2,"slug":"pannclais","name":"পাঁচলাইশ","name_en":"পাঁচলাইশ"},{"id":107,"district_id":8,"division_id":2,"slug":"bakleeya","name":"বাকলীয়া","name_en":"বাকলীয়া"},{"id":108,"district_id":8,"division_id":2,"slug":"dblmuring","name":"ডবলমুরিং","name_en":"ডবলমুরিং"},{"id":109,"district_id":8,"division_id":2,"slug":"kotyalee","name":"কোতয়ালী","name_en":"কোতয়ালী"},{"id":110,"district_id":8,"division_id":2,"slug":"halishr","name":"হালিশহর","name_en":"হালিশহর"},{"id":111,"district_id":8,"division_id":2,"slug":"cttgram-port","name":"চট্টগ্রাম পোর্ট","name_en":"চট্টগ্রাম পোর্ট"},{"id":112,"district_id":8,"division_id":2,"slug":"ptengoa","name":"পতেঙ্গা","name_en":"পতেঙ্গা"},{"id":113,"district_id":18,"division_id":7,"slug":"atoyaree","name":"আটোয়ারী","name_en":"আটোয়ারী"},{"id":114,"district_id":18,"division_id":7,"slug":"pncgr-sdr","name":"পঞ্চগড় সদর","name_en":"পঞ্চগড় সদর"},{"id":115,"district_id":18,"division_id":7,"slug":"tenntuliya","name":"তেঁতুলিয়া","name_en":"তেঁতুলিয়া"},{"id":116,"district_id":18,"division_id":7,"slug":"boda","name":"বোদা","name_en":"বোদা"},{"id":117,"district_id":18,"division_id":7,"slug":"debeegnj","name":"দেবীগঞ্জ","name_en":"দেবীগঞ্জ"},{"id":118,"district_id":19,"division_id":7,"slug":"thakurgannoo-sdr","name":"ঠাকুরগাঁও সদর","name_en":"ঠাকুরগাঁও সদর"},{"id":119,"district_id":19,"division_id":7,"slug":"raneesngkoil","name":"রাণীশংকৈল ","name_en":"রাণীশংকৈল "},{"id":120,"district_id":19,"division_id":7,"slug":"baliyadanggee","name":"বালিয়াডাংগী","name_en":"বালিয়াডাংগী"},{"id":121,"district_id":19,"division_id":7,"slug":"hripur","name":"হরিপুর","name_en":"হরিপুর"},{"id":122,"district_id":19,"division_id":7,"slug":"peergnj","name":"পীরগঞ্জ","name_en":"পীরগঞ্জ"},{"id":123,"district_id":20,"division_id":7,"slug":"beergnj","name":"বীরগঞ্জ","name_en":"বীরগঞ্জ"},{"id":124,"district_id":20,"division_id":7,"slug":"kaharol","name":"কাহারোল","name_en":"কাহারোল"},{"id":125,"district_id":20,"division_id":7,"slug":"birl","name":"বিরল","name_en":"বিরল"},{"id":126,"district_id":20,"division_id":7,"slug":"bocagnj","name":"বোচাগঞ্জ","name_en":"বোচাগঞ্জ"},{"id":127,"district_id":20,"division_id":7,"slug":"dinajpur-sdr","name":"দিনাজপুর সদর","name_en":"দিনাজপুর সদর"},{"id":128,"district_id":20,"division_id":7,"slug":"cirirbndr","name":"চিরিরবন্দর","name_en":"চিরিরবন্দর"},{"id":129,"district_id":20,"division_id":7,"slug":"khansama","name":"খানসামা","name_en":"খানসামা"},{"id":130,"district_id":20,"division_id":7,"slug":"fulbaree","name":"ফুলবাড়ী","name_en":"ফুলবাড়ী"},{"id":131,"district_id":20,"division_id":7,"slug":"parwteepur","name":"পার্বতীপুর","name_en":"পার্বতীপুর"},{"id":132,"district_id":20,"division_id":7,"slug":"birampur","name":"বিরামপুর","name_en":"বিরামপুর"},{"id":133,"district_id":20,"division_id":7,"slug":"ghoraghat","name":"ঘোড়াঘাট","name_en":"ঘোড়াঘাট"},{"id":134,"district_id":20,"division_id":7,"slug":"hakimpur","name":"হাকিমপুর","name_en":"হাকিমপুর"},{"id":135,"district_id":20,"division_id":7,"slug":"nbabgnj","name":"নবাবগঞ্জ","name_en":"নবাবগঞ্জ"},{"id":136,"district_id":21,"division_id":7,"slug":"dimla","name":"ডিমলা","name_en":"ডিমলা"},{"id":137,"district_id":21,"division_id":7,"slug":"domar","name":"ডোমার","name_en":"ডোমার"},{"id":138,"district_id":21,"division_id":7,"slug":"neelphamaree-sdr","name":"নীলফামারী সদর","name_en":"নীলফামারী সদর"},{"id":139,"district_id":21,"division_id":7,"slug":"jldhaka","name":"জলঢাকা","name_en":"জলঢাকা"},{"id":140,"district_id":21,"division_id":7,"slug":"kisorgnj","name":"কিশোরগঞ্জ","name_en":"কিশোরগঞ্জ"},{"id":141,"district_id":21,"division_id":7,"slug":"soiydpur","name":"সৈয়দপুর","name_en":"সৈয়দপুর"},{"id":142,"district_id":22,"division_id":7,"slug":"hateebandha","name":"হাতীবান্ধা","name_en":"হাতীবান্ধা"},{"id":143,"district_id":22,"division_id":7,"slug":"patgram","name":"পাটগ্রাম","name_en":"পাটগ্রাম"},{"id":144,"district_id":22,"division_id":7,"slug":"aditmaree","name":"আদিতমারী","name_en":"আদিতমারী"},{"id":145,"district_id":22,"division_id":7,"slug":"kaleegnj","name":"কালীগঞ্জ","name_en":"কালীগঞ্জ"},{"id":146,"district_id":22,"division_id":7,"slug":"lalmnirhat-sdr","name":"লালমনিরহাট সদর","name_en":"লালমনিরহাট সদর"},{"id":147,"district_id":23,"division_id":7,"slug":"rngpur-sdr","name":"রংপুর সদর","name_en":"রংপুর সদর"},{"id":148,"district_id":23,"division_id":7,"slug":"gnggacra","name":"গংগাচড়া","name_en":"গংগাচড়া"},{"id":149,"district_id":23,"division_id":7,"slug":"bdrgnj","name":"বদরগঞ্জ","name_en":"বদরগঞ্জ"},{"id":150,"district_id":23,"division_id":7,"slug":"taragnj","name":"তারাগঞ্জ","name_en":"তারাগঞ্জ"},{"id":151,"district_id":23,"division_id":7,"slug":"kauniya","name":"কাউনিয়া","name_en":"কাউনিয়া"},{"id":152,"district_id":23,"division_id":7,"slug":"peergacha","name":"পীরগাছা","name_en":"পীরগাছা"},{"id":153,"district_id":23,"division_id":7,"slug":"mithapukur","name":"মিঠাপুকুর","name_en":"মিঠাপুকুর"},{"id":154,"district_id":23,"division_id":7,"slug":"peergnj-2","name":"পীরগঞ্জ","name_en":"পীরগঞ্জ"},{"id":155,"district_id":24,"division_id":7,"slug":"vurunggamaree","name":"ভুরুংগামারী","name_en":"ভুরুংগামারী"},{"id":156,"district_id":24,"division_id":7,"slug":"nageswree","name":"নাগেশ্বরী","name_en":"নাগেশ্বরী"},{"id":157,"district_id":24,"division_id":7,"slug":"fulbaree-2","name":"ফুলবাড়ী","name_en":"ফুলবাড়ী"},{"id":158,"district_id":24,"division_id":7,"slug":"kurigram-sdr","name":"কুড়িগ্রাম সদর","name_en":"কুড়িগ্রাম সদর"},{"id":159,"district_id":24,"division_id":7,"slug":"rajarhat","name":"রাজারহাট","name_en":"রাজারহাট"},{"id":160,"district_id":24,"division_id":7,"slug":"ulipur","name":"উলিপুর","name_en":"উলিপুর"},{"id":161,"district_id":24,"division_id":7,"slug":"cr-rajibpur","name":"চর রাজিবপুর","name_en":"চর রাজিবপুর"},{"id":162,"district_id":24,"division_id":7,"slug":"cilmaree","name":"চিলমারী","name_en":"চিলমারী"},{"id":163,"district_id":24,"division_id":7,"slug":"roumaree","name":"রৌমারী","name_en":"রৌমারী"},{"id":164,"district_id":25,"division_id":7,"slug":"sundrgnj","name":"সুন্দরগঞ্জ","name_en":"সুন্দরগঞ্জ"},{"id":165,"district_id":25,"division_id":7,"slug":"gaibandha-sdr","name":"গাইবান্ধা সদর","name_en":"গাইবান্ধা সদর"},{"id":166,"district_id":25,"division_id":7,"slug":"plasbaree","name":"পলাশবাড়ী","name_en":"পলাশবাড়ী"},{"id":167,"district_id":25,"division_id":7,"slug":"sadullapur","name":"সাদুল্লাপুর","name_en":"সাদুল্লাপুর"},{"id":168,"district_id":25,"division_id":7,"slug":"gobindgnj","name":"গোবিন্দগঞ্জ","name_en":"গোবিন্দগঞ্জ"},{"id":169,"district_id":25,"division_id":7,"slug":"fulchri","name":"ফুলছড়ি","name_en":"ফুলছড়ি"},{"id":170,"district_id":25,"division_id":7,"slug":"saghata","name":"সাঘাটা","name_en":"সাঘাটা"},{"id":171,"district_id":26,"division_id":6,"slug":"jypurhat-sdr","name":"জয়পুরহাট সদর","name_en":"জয়পুরহাট সদর"},{"id":172,"district_id":26,"division_id":6,"slug":"panncbibi","name":"পাঁচবিবি","name_en":"পাঁচবিবি"},{"id":173,"district_id":26,"division_id":6,"slug":"akkelpur","name":"আক্কেলপুর","name_en":"আক্কেলপুর"},{"id":174,"district_id":26,"division_id":6,"slug":"kalai","name":"কালাই","name_en":"কালাই"},{"id":175,"district_id":26,"division_id":6,"slug":"kshetlal","name":"ক্ষেতলাল","name_en":"ক্ষেতলাল"},{"id":176,"district_id":27,"division_id":6,"slug":"sariyakandi","name":"সারিয়াকান্দি","name_en":"সারিয়াকান্দি"},{"id":177,"district_id":27,"division_id":6,"slug":"sonatla","name":"সোনাতলা","name_en":"সোনাতলা"},{"id":178,"district_id":27,"division_id":6,"slug":"sibgnj","name":"শিব্গঞ্জ","name_en":"শিব্গঞ্জ"},{"id":179,"district_id":27,"division_id":6,"slug":"admdighee","name":"আদমদিঘী","name_en":"আদমদিঘী"},{"id":180,"district_id":27,"division_id":6,"slug":"dupcannciya","name":"দুপচাঁচিয়া","name_en":"দুপচাঁচিয়া"},{"id":181,"district_id":27,"division_id":6,"slug":"kahalu","name":"কাহালু","name_en":"কাহালু"},{"id":182,"district_id":27,"division_id":6,"slug":"nndeegram","name":"নন্দীগ্রাম","name_en":"নন্দীগ্রাম"},{"id":183,"district_id":27,"division_id":6,"slug":"dhunt","name":"ধুনট","name_en":"ধুনট"},{"id":184,"district_id":27,"division_id":6,"slug":"serpur","name":"শেরপুর","name_en":"শেরপুর"},{"id":185,"district_id":27,"division_id":6,"slug":"bgura-sdr","name":"বগুড়া সদর","name_en":"বগুড়া সদর"},{"id":186,"district_id":27,"division_id":6,"slug":"gabtlee","name":"গাবতলী","name_en":"গাবতলী"},{"id":187,"district_id":27,"division_id":6,"slug":"sajahanpur","name":"শাজাহানপুর","name_en":"শাজাহানপুর"},{"id":188,"district_id":28,"division_id":6,"slug":"sibgnj-2","name":"শিবগঞ্জ","name_en":"শিবগঞ্জ"},{"id":189,"district_id":28,"division_id":6,"slug":"volahat","name":"ভোলাহাট","name_en":"ভোলাহাট"},{"id":190,"district_id":28,"division_id":6,"slug":"gomstapur","name":"গোমস্তাপুর","name_en":"গোমস্তাপুর"},{"id":191,"district_id":28,"division_id":6,"slug":"nacol","name":"নাচোল","name_en":"নাচোল"},{"id":192,"district_id":28,"division_id":6,"slug":"cannpainbabgnj-sdr","name":"চাঁপাইনবাবগঞ্জ সদর","name_en":"চাঁপাইনবাবগঞ্জ সদর"},{"id":193,"district_id":29,"division_id":6,"slug":"niyamtpur","name":"নিয়ামতপুর","name_en":"নিয়ামতপুর"},{"id":194,"district_id":29,"division_id":6,"slug":"porsa","name":"পোরশা","name_en":"পোরশা"},{"id":195,"district_id":29,"division_id":6,"slug":"sapahar","name":"সাপাহার","name_en":"সাপাহার"},{"id":196,"district_id":29,"division_id":6,"slug":"dhamirhat","name":"ধামইরহাট","name_en":"ধামইরহাট"},{"id":197,"district_id":29,"division_id":6,"slug":"ptneetla","name":"পত্নীতলা","name_en":"পত্নীতলা"},{"id":198,"district_id":29,"division_id":6,"slug":"bdlgachee","name":"বদলগাছী","name_en":"বদলগাছী"},{"id":199,"district_id":29,"division_id":6,"slug":"mhadebpur","name":"মহাদেবপুর","name_en":"মহাদেবপুর"},{"id":200,"district_id":29,"division_id":6,"slug":"manda","name":"মান্দা","name_en":"মান্দা"},{"id":201,"district_id":29,"division_id":6,"slug":"noogann-sdr","name":"নওগাঁ সদর","name_en":"নওগাঁ সদর"},{"id":202,"district_id":29,"division_id":6,"slug":"atrai","name":"আত্রাই","name_en":"আত্রাই"},{"id":203,"district_id":29,"division_id":6,"slug":"raneengr","name":"রাণীনগর","name_en":"রাণীনগর"},{"id":204,"district_id":30,"division_id":6,"slug":"godagaree","name":"গোদাগাড়ী","name_en":"গোদাগাড়ী"},{"id":205,"district_id":30,"division_id":6,"slug":"tanor","name":"তানোর","name_en":"তানোর"},{"id":206,"district_id":30,"division_id":6,"slug":"mohnpur","name":"মোহনপুর","name_en":"মোহনপুর"},{"id":207,"district_id":30,"division_id":6,"slug":"pba","name":"পবা","name_en":"পবা"},{"id":208,"district_id":30,"division_id":6,"slug":"bagmara","name":"বাগমারা","name_en":"বাগমারা"},{"id":209,"district_id":30,"division_id":6,"slug":"duurgapur","name":"দূর্গাপুর","name_en":"দূর্গাপুর"},{"id":210,"district_id":30,"division_id":6,"slug":"puthiya","name":"পুঠিয়া","name_en":"পুঠিয়া"},{"id":211,"district_id":30,"division_id":6,"slug":"bagha","name":"বাঘা","name_en":"বাঘা"},{"id":212,"district_id":30,"division_id":6,"slug":"carghat","name":"চারঘাট","name_en":"চারঘাট"},{"id":213,"district_id":30,"division_id":6,"slug":"boyaliya","name":"বোয়ালিয়া","name_en":"বোয়ালিয়া"},{"id":214,"district_id":30,"division_id":6,"slug":"mtihar","name":"মতিহার","name_en":"মতিহার"},{"id":215,"district_id":30,"division_id":6,"slug":"rajpara","name":"রাজপাড়া","name_en":"রাজপাড়া"},{"id":216,"district_id":30,"division_id":6,"slug":"sah-mkhdum","name":"শাহ্‌ মখদুম","name_en":"শাহ্‌ মখদুম"},{"id":217,"district_id":31,"division_id":6,"slug":"bagatipara","name":"বাগাতিপাড়া","name_en":"বাগাতিপাড়া"},{"id":218,"district_id":31,"division_id":6,"slug":"lalpur","name":"লালপুর","name_en":"লালপুর"},{"id":219,"district_id":31,"division_id":6,"slug":"nldangoa","name":"নলডাঙ্গা","name_en":"নলডাঙ্গা"},{"id":220,"district_id":31,"division_id":6,"slug":"nator-sdr","name":"নাটোর সদর","name_en":"নাটোর সদর"},{"id":221,"district_id":31,"division_id":6,"slug":"singra","name":"সিংড়া","name_en":"সিংড়া"},{"id":222,"district_id":31,"division_id":6,"slug":"braigram","name":"বড়াইগ্রাম","name_en":"বড়াইগ্রাম"},{"id":223,"district_id":31,"division_id":6,"slug":"gurudaspur","name":"গুরুদাসপুর","name_en":"গুরুদাসপুর"},{"id":224,"district_id":32,"division_id":6,"slug":"sirajgnj-sdr","name":"সিরাজগঞ্জ সদর","name_en":"সিরাজগঞ্জ সদর"},{"id":225,"district_id":32,"division_id":6,"slug":"kajeepur","name":"কাজীপুর","name_en":"কাজীপুর"},{"id":226,"district_id":32,"division_id":6,"slug":"kamarkhnd","name":"কামারখন্দ","name_en":"কামারখন্দ"},{"id":227,"district_id":32,"division_id":6,"slug":"raygnj","name":"রায়গঞ্জ","name_en":"রায়গঞ্জ"},{"id":228,"district_id":32,"division_id":6,"slug":"taras","name":"তাড়াশ","name_en":"তাড়াশ"},{"id":229,"district_id":32,"division_id":6,"slug":"ulla-para","name":"উল্লা পাড়া","name_en":"উল্লা পাড়া"},{"id":230,"district_id":32,"division_id":6,"slug":"belkuci","name":"বেলকুচি","name_en":"বেলকুচি"},{"id":231,"district_id":32,"division_id":6,"slug":"couhalee","name":"চৌহালী","name_en":"চৌহালী"},{"id":232,"district_id":32,"division_id":6,"slug":"sahajadpur","name":"শাহাজাদপুর","name_en":"শাহাজাদপুর"},{"id":233,"district_id":33,"division_id":6,"slug":"bera","name":"বেড়া ","name_en":"বেড়া "},{"id":234,"district_id":33,"division_id":6,"slug":"sannthiya","name":"সাঁথিয়া","name_en":"সাঁথিয়া"},{"id":235,"district_id":33,"division_id":6,"slug":"sujangr","name":"সুজানগর","name_en":"সুজানগর"},{"id":236,"district_id":33,"division_id":6,"slug":"vanggura","name":"ভাংগুড়া","name_en":"ভাংগুড়া"},{"id":237,"district_id":33,"division_id":6,"slug":"catmohr","name":"চাটমোহর","name_en":"চাটমোহর"},{"id":238,"district_id":33,"division_id":6,"slug":"fridpur","name":"ফরিদপুর","name_en":"ফরিদপুর"},{"id":239,"district_id":33,"division_id":6,"slug":"atghriya","name":"আটঘরিয়া","name_en":"আটঘরিয়া"},{"id":240,"district_id":33,"division_id":6,"slug":"eeswrdee","name":"ঈশ্বরদী","name_en":"ঈশ্বরদী"},{"id":241,"district_id":33,"division_id":6,"slug":"pabna-sdr","name":"পাবনা সদর","name_en":"পাবনা সদর"},{"id":242,"district_id":34,"division_id":4,"slug":"mujibngr","name":"মুজিবনগর","name_en":"মুজিবনগর"},{"id":243,"district_id":34,"division_id":4,"slug":"meherpur-sdr","name":"মেহেরপুর সদর","name_en":"মেহেরপুর সদর"},{"id":244,"district_id":34,"division_id":4,"slug":"gangnee","name":"গাংনী","name_en":"গাংনী"},{"id":245,"district_id":35,"division_id":4,"slug":"doultpur","name":"দৌলতপুর","name_en":"দৌলতপুর"},{"id":246,"district_id":35,"division_id":4,"slug":"veramara","name":"ভেড়ামারা","name_en":"ভেড়ামারা"},{"id":247,"district_id":35,"division_id":4,"slug":"mirpur","name":"মিরপুর","name_en":"মিরপুর"},{"id":248,"district_id":35,"division_id":4,"slug":"kushtiya-sdr","name":"কুষ্টিয়া সদর","name_en":"কুষ্টিয়া সদর"},{"id":249,"district_id":35,"division_id":4,"slug":"khoksa","name":"খোকসা","name_en":"খোকসা"},{"id":250,"district_id":35,"division_id":4,"slug":"kumarkhalee","name":"কুমারখালী","name_en":"কুমারখালী"},{"id":251,"district_id":36,"division_id":4,"slug":"cuyadangoa-sdr","name":"চুয়াডাঙ্গা সদর","name_en":"চুয়াডাঙ্গা সদর"},{"id":252,"district_id":36,"division_id":4,"slug":"almdangga","name":"আলমডাংগা","name_en":"আলমডাংগা"},{"id":253,"district_id":36,"division_id":4,"slug":"damurhuda","name":"দামুরহুদা","name_en":"দামুরহুদা"},{"id":254,"district_id":36,"division_id":4,"slug":"jeebn-ngr","name":"জীবন নগর","name_en":"জীবন নগর"},{"id":255,"district_id":37,"division_id":4,"slug":"soilkupa","name":"শৈলকুপা","name_en":"শৈলকুপা"},{"id":256,"district_id":37,"division_id":4,"slug":"hrinakundu","name":"হরিনাকুন্ডু","name_en":"হরিনাকুন্ডু"},{"id":257,"district_id":37,"division_id":4,"slug":"jhinaidh-sdr","name":"ঝিনাইদহ সদর","name_en":"ঝিনাইদহ সদর"},{"id":258,"district_id":37,"division_id":4,"slug":"kotcanndpur","name":"কোটচাঁদপুর","name_en":"কোটচাঁদপুর"},{"id":259,"district_id":37,"division_id":4,"slug":"mhespur","name":"মহেশপুর","name_en":"মহেশপুর"},{"id":260,"district_id":37,"division_id":4,"slug":"kalignj","name":"কালিগঞ্জ","name_en":"কালিগঞ্জ"},{"id":261,"district_id":38,"division_id":4,"slug":"sarsa","name":"শার্শা","name_en":"শার্শা"},{"id":262,"district_id":38,"division_id":4,"slug":"cougacha","name":"চৌগাছা","name_en":"চৌগাছা"},{"id":263,"district_id":38,"division_id":4,"slug":"jhikrgacha","name":"ঝিকরগাছা","name_en":"ঝিকরগাছা"},{"id":264,"district_id":38,"division_id":4,"slug":"zsor-sdr","name":"যশোর সদর","name_en":"যশোর সদর"},{"id":265,"district_id":38,"division_id":4,"slug":"ovyngr","name":"অভয়নগর","name_en":"অভয়নগর"},{"id":266,"district_id":38,"division_id":4,"slug":"bagharpara","name":"বাঘারপাড়া","name_en":"বাঘারপাড়া"},{"id":267,"district_id":38,"division_id":4,"slug":"mnirampur","name":"মনিরামপুর","name_en":"মনিরামপুর"},{"id":268,"district_id":38,"division_id":4,"slug":"kesbpur","name":"কেশবপুর","name_en":"কেশবপুর"},{"id":269,"district_id":39,"division_id":4,"slug":"magura-sdr","name":"মাগুরা সদর","name_en":"মাগুরা সদর"},{"id":270,"district_id":39,"division_id":4,"slug":"sreepur","name":"শ্রীপুর","name_en":"শ্রীপুর"},{"id":271,"district_id":39,"division_id":4,"slug":"mohammdpur","name":"মোহাম্মদপুর","name_en":"মোহাম্মদপুর"},{"id":272,"district_id":39,"division_id":4,"slug":"salikha","name":"শালিখা","name_en":"শালিখা"},{"id":273,"district_id":40,"division_id":4,"slug":"nrail-sdr","name":"নড়াইল সদর","name_en":"নড়াইল সদর"},{"id":274,"district_id":40,"division_id":4,"slug":"kaliya","name":"কালিয়া","name_en":"কালিয়া"},{"id":275,"district_id":40,"division_id":4,"slug":"lohagra","name":"লোহাগড়া","name_en":"লোহাগড়া"},{"id":276,"district_id":41,"division_id":4,"slug":"citlmaree","name":"চিতলমারী","name_en":"চিতলমারী"},{"id":277,"district_id":41,"division_id":4,"slug":"fkirhat","name":"ফকিরহাট","name_en":"ফকিরহাট"},{"id":278,"district_id":41,"division_id":4,"slug":"mollahat","name":"মোল্লাহাট","name_en":"মোল্লাহাট"},{"id":279,"district_id":41,"division_id":4,"slug":"bagerhat-sdr","name":"বাগেরহাট সদর","name_en":"বাগেরহাট সদর"},{"id":280,"district_id":41,"division_id":4,"slug":"kcuya-2","name":"কচুয়া","name_en":"কচুয়া"},{"id":281,"district_id":41,"division_id":4,"slug":"mongla","name":"মোংলা","name_en":"মোংলা"},{"id":282,"district_id":41,"division_id":4,"slug":"rampal","name":"রামপাল","name_en":"রামপাল"},{"id":283,"district_id":41,"division_id":4,"slug":"morlgnj","name":"মোড়লগঞ্জ","name_en":"মোড়লগঞ্জ"},{"id":284,"district_id":41,"division_id":4,"slug":"srnkhola","name":"শরণখোলা","name_en":"শরণখোলা"},{"id":285,"district_id":42,"division_id":4,"slug":"btiyaghata","name":"বটিয়াঘাটা","name_en":"বটিয়াঘাটা"},{"id":286,"district_id":42,"division_id":4,"slug":"dakop","name":"দাকোপ","name_en":"দাকোপ"},{"id":287,"district_id":42,"division_id":4,"slug":"dighliya","name":"দিঘলিয়া","name_en":"দিঘলিয়া"},{"id":288,"district_id":42,"division_id":4,"slug":"ruupsa","name":"রূপসা","name_en":"রূপসা"},{"id":289,"district_id":42,"division_id":4,"slug":"terkhada","name":"তেরখাদা","name_en":"তেরখাদা"},{"id":290,"district_id":42,"division_id":4,"slug":"dumuriya","name":"ডুমুরিয়া","name_en":"ডুমুরিয়া"},{"id":291,"district_id":42,"division_id":4,"slug":"fultla","name":"ফুলতলা","name_en":"ফুলতলা"},{"id":292,"district_id":42,"division_id":4,"slug":"kyra","name":"কয়রা","name_en":"কয়রা"},{"id":293,"district_id":42,"division_id":4,"slug":"paikgacha","name":"পাইকগাছা","name_en":"পাইকগাছা"},{"id":294,"district_id":42,"division_id":4,"slug":"khulna-sdr","name":"খুলনা সদর","name_en":"খুলনা সদর"},{"id":295,"district_id":42,"division_id":4,"slug":"sonadangoa","name":"সোনাডাঙ্গা","name_en":"সোনাডাঙ্গা"},{"id":296,"district_id":42,"division_id":4,"slug":"doultpur-2","name":"দৌলতপুর","name_en":"দৌলতপুর"},{"id":297,"district_id":42,"division_id":4,"slug":"khalispur","name":"খালিসপুর","name_en":"খালিসপুর"},{"id":298,"district_id":42,"division_id":4,"slug":"khan-jahan-alee","name":"খান জাহান আলী","name_en":"খান জাহান আলী"},{"id":299,"district_id":43,"division_id":4,"slug":"klaroya","name":"কলারোয়া","name_en":"কলারোয়া"},{"id":300,"district_id":43,"division_id":4,"slug":"tala","name":"তালা","name_en":"তালা"},{"id":301,"district_id":43,"division_id":4,"slug":"satksheera-sdr","name":"সাতক্ষীরা সদর","name_en":"সাতক্ষীরা সদর"},{"id":302,"district_id":43,"division_id":4,"slug":"kalignj-2","name":"কালিগঞ্জ","name_en":"কালিগঞ্জ"},{"id":303,"district_id":43,"division_id":4,"slug":"asasuni","name":"আশাশুনি","name_en":"আশাশুনি"},{"id":304,"district_id":43,"division_id":4,"slug":"debhata","name":"দেবহাটা","name_en":"দেবহাটা"},{"id":305,"district_id":43,"division_id":4,"slug":"szamngr","name":"শ্যামনগর","name_en":"শ্যামনগর"},{"id":306,"district_id":44,"division_id":3,"slug":"dhnbaree","name":"ধনবাড়ী","name_en":"ধনবাড়ী"},{"id":307,"district_id":44,"division_id":3,"slug":"mdhupur","name":"মধুপুর","name_en":"মধুপুর"},{"id":308,"district_id":44,"division_id":3,"slug":"vuungapur","name":"ভূঞাপুর","name_en":"ভূঞাপুর"},{"id":309,"district_id":44,"division_id":3,"slug":"gopalpur","name":"গোপালপুর","name_en":"গোপালপুর"},{"id":310,"district_id":44,"division_id":3,"slug":"ghatail","name":"ঘাটাইল","name_en":"ঘাটাইল"},{"id":311,"district_id":44,"division_id":3,"slug":"kalihatee","name":"কালিহাতী","name_en":"কালিহাতী"},{"id":312,"district_id":44,"division_id":3,"slug":"tangoail-sdr","name":"টাঙ্গাইল সদর","name_en":"টাঙ্গাইল সদর"},{"id":313,"district_id":44,"division_id":3,"slug":"delduyar","name":"দেলদুয়ার","name_en":"দেলদুয়ার"},{"id":314,"district_id":44,"division_id":3,"slug":"nagrpur","name":"নাগরপুর","name_en":"নাগরপুর"},{"id":315,"district_id":44,"division_id":3,"slug":"mirjapur","name":"মির্জাপুর","name_en":"মির্জাপুর"},{"id":316,"district_id":44,"division_id":3,"slug":"basail","name":"বাসাইল","name_en":"বাসাইল"},{"id":317,"district_id":44,"division_id":3,"slug":"skhipur","name":"সখিপুর","name_en":"সখিপুর"},{"id":318,"district_id":45,"division_id":5,"slug":"bkshignj","name":"বকশিগঞ্জ","name_en":"বকশিগঞ্জ"},{"id":319,"district_id":45,"division_id":5,"slug":"dewangnj","name":"দেওয়ানগঞ্জ","name_en":"দেওয়ানগঞ্জ"},{"id":320,"district_id":45,"division_id":5,"slug":"islampur","name":"ইসলামপুর","name_en":"ইসলামপুর"},{"id":321,"district_id":45,"division_id":5,"slug":"madargnj","name":"মাদারগঞ্জ","name_en":"মাদারগঞ্জ"},{"id":322,"district_id":45,"division_id":5,"slug":"melandh","name":"মেলান্দহ","name_en":"মেলান্দহ"},{"id":323,"district_id":45,"division_id":5,"slug":"srishabaree","name":"সরিষাবাড়ী","name_en":"সরিষাবাড়ী"},{"id":324,"district_id":45,"division_id":5,"slug":"jamalpur-sdr","name":"জামালপুর সদর","name_en":"জামালপুর সদর"},{"id":325,"district_id":46,"division_id":5,"slug":"serpur-sdr","name":"শেরপুর সদর","name_en":"শেরপুর সদর"},{"id":326,"district_id":46,"division_id":5,"slug":"nkla","name":"নকলা","name_en":"নকলা"},{"id":327,"district_id":46,"division_id":5,"slug":"nalitabaree","name":"নালিতাবাড়ী","name_en":"নালিতাবাড়ী"},{"id":328,"district_id":46,"division_id":5,"slug":"jhinaigatee","name":"ঝিনাইগাতী","name_en":"ঝিনাইগাতী"},{"id":329,"district_id":46,"division_id":5,"slug":"sreebrdee","name":"শ্রীবরদী","name_en":"শ্রীবরদী"},{"id":330,"district_id":47,"division_id":5,"slug":"dhobauda","name":"ধোবাউড়া","name_en":"ধোবাউড়া"},{"id":331,"district_id":47,"division_id":5,"slug":"haluyaghat","name":"হালুয়াঘাট","name_en":"হালুয়াঘাট"},{"id":332,"district_id":47,"division_id":5,"slug":"fulpur","name":"ফুলপুর","name_en":"ফুলপুর"},{"id":333,"district_id":47,"division_id":5,"slug":"tarakanda","name":"তারাকান্দা","name_en":"তারাকান্দা"},{"id":334,"district_id":47,"division_id":5,"slug":"goureepur","name":"গৌরীপুর","name_en":"গৌরীপুর"},{"id":335,"district_id":47,"division_id":5,"slug":"muktagacha","name":"মুক্তাগাছা","name_en":"মুক্তাগাছা"},{"id":336,"district_id":47,"division_id":5,"slug":"fulbareeya","name":"ফুলবাড়ীয়া","name_en":"ফুলবাড়ীয়া"},{"id":337,"district_id":47,"division_id":5,"slug":"trisal","name":"ত্রিশাল","name_en":"ত্রিশাল"},{"id":338,"district_id":47,"division_id":5,"slug":"eeswrgnj","name":"ঈশ্বরগঞ্জ","name_en":"ঈশ্বরগঞ্জ"},{"id":339,"district_id":47,"division_id":5,"slug":"nandail","name":"নান্দাইল","name_en":"নান্দাইল"},{"id":340,"district_id":47,"division_id":5,"slug":"gfrgannoo","name":"গফরগাঁও","name_en":"গফরগাঁও"},{"id":341,"district_id":47,"division_id":5,"slug":"valuka","name":"ভালুকা","name_en":"ভালুকা"},{"id":342,"district_id":47,"division_id":5,"slug":"mymnsingh-sdr","name":"ময়মনসিংহ সদর","name_en":"ময়মনসিংহ সদর"},{"id":343,"district_id":48,"division_id":5,"slug":"duurgapur-2","name":"দূর্গাপুর","name_en":"দূর্গাপুর"},{"id":344,"district_id":48,"division_id":5,"slug":"klmakanda","name":"কলমাকান্দা","name_en":"কলমাকান্দা"},{"id":345,"district_id":48,"division_id":5,"slug":"barhatta","name":"বারহাট্টা","name_en":"বারহাট্টা"},{"id":346,"district_id":48,"division_id":5,"slug":"netrkona-sdr","name":"নেত্রকোনা সদর","name_en":"নেত্রকোনা সদর"},{"id":347,"district_id":48,"division_id":5,"slug":"atpara","name":"আটপাড়া","name_en":"আটপাড়া"},{"id":348,"district_id":48,"division_id":5,"slug":"kenduya","name":"কেন্দুয়া","name_en":"কেন্দুয়া"},{"id":349,"district_id":48,"division_id":5,"slug":"khaliyajuree","name":"খালিয়াজুরী","name_en":"খালিয়াজুরী"},{"id":350,"district_id":48,"division_id":5,"slug":"mdn","name":"মদন","name_en":"মদন"},{"id":351,"district_id":48,"division_id":5,"slug":"mohngnj","name":"মোহনগঞ্জ","name_en":"মোহনগঞ্জ"},{"id":352,"district_id":48,"division_id":5,"slug":"puurwdhla","name":"পূর্বধলা","name_en":"পূর্বধলা"},{"id":353,"district_id":49,"division_id":3,"slug":"hosenpur","name":"হোসেনপুর","name_en":"হোসেনপুর"},{"id":354,"district_id":49,"division_id":3,"slug":"kisorgnj-sdr","name":"কিশোরগঞ্জ সদর","name_en":"কিশোরগঞ্জ সদর"},{"id":355,"district_id":49,"division_id":3,"slug":"ktiyadee","name":"কটিয়াদী","name_en":"কটিয়াদী"},{"id":356,"district_id":49,"division_id":3,"slug":"pakundiya","name":"পাকুন্দিয়া","name_en":"পাকুন্দিয়া"},{"id":357,"district_id":49,"division_id":3,"slug":"krimgnj","name":"করিমগঞ্জ","name_en":"করিমগঞ্জ"},{"id":358,"district_id":49,"division_id":3,"slug":"tarail","name":"তারাইল","name_en":"তারাইল"},{"id":359,"district_id":49,"division_id":3,"slug":"oshtgram","name":"অষ্টগ্রাম","name_en":"অষ্টগ্রাম"},{"id":360,"district_id":49,"division_id":3,"slug":"itna","name":"ইটনা","name_en":"ইটনা"},{"id":361,"district_id":49,"division_id":3,"slug":"mithamin","name":"মিঠামইন","name_en":"মিঠামইন"},{"id":362,"district_id":49,"division_id":3,"slug":"bajitpur","name":"বাজিতপুর","name_en":"বাজিতপুর"},{"id":363,"district_id":49,"division_id":3,"slug":"niklee","name":"নিকলী","name_en":" নিকলী"},{"id":364,"district_id":49,"division_id":3,"slug":"voirb","name":"ভৈরব","name_en":"ভৈরব"},{"id":365,"district_id":49,"division_id":3,"slug":"kuliyarcr","name":"কুলিয়ারচর","name_en":"কুলিয়ারচর"},{"id":366,"district_id":50,"division_id":3,"slug":"doultpur-3","name":"দৌলতপুর","name_en":"দৌলতপুর"},{"id":367,"district_id":50,"division_id":3,"slug":"ghioor","name":"ঘিওর","name_en":"ঘিওর"},{"id":368,"district_id":50,"division_id":3,"slug":"sibaly","name":"শিবালয়","name_en":"শিবালয়"},{"id":369,"district_id":50,"division_id":3,"slug":"manikgnj-sdr","name":"মানিকগঞ্জ সদর","name_en":"মানিকগঞ্জ সদর"},{"id":370,"district_id":50,"division_id":3,"slug":"hrirampur","name":"হরিরামপুর","name_en":"হরিরামপুর"},{"id":371,"district_id":50,"division_id":3,"slug":"singgair","name":"সিংগাইর","name_en":"সিংগাইর"},{"id":372,"district_id":50,"division_id":3,"slug":"saturiya","name":"সাটুরিয়া","name_en":"সাটুরিয়া"},{"id":373,"district_id":51,"division_id":3,"slug":"sirajdikhan","name":"সিরাজদিখান","name_en":"সিরাজদিখান"},{"id":374,"district_id":51,"division_id":3,"slug":"sreengr","name":"শ্রীনগর","name_en":"শ্রীনগর"},{"id":375,"district_id":51,"division_id":3,"slug":"louhjng","name":"লৌহজং","name_en":"লৌহজং"},{"id":376,"district_id":51,"division_id":3,"slug":"tnggeebaree","name":"টংগীবাড়ী","name_en":"টংগীবাড়ী"},{"id":377,"district_id":51,"division_id":3,"slug":"gjariya","name":"গজারিয়া","name_en":"গজারিয়া"},{"id":378,"district_id":51,"division_id":3,"slug":"munseegnj-sdr","name":"মুন্সীগঞ্জ সদর","name_en":"মুন্সীগঞ্জ সদর"},{"id":379,"district_id":52,"division_id":3,"slug":"gajeepur-sdr","name":"গাজীপুর সদর","name_en":"গাজীপুর সদর"},{"id":380,"district_id":52,"division_id":3,"slug":"sreepur-2","name":"শ্রীপুর","name_en":"শ্রীপুর"},{"id":381,"district_id":52,"division_id":3,"slug":"kapasiya","name":"কাপাসিয়া","name_en":"কাপাসিয়া"},{"id":382,"district_id":52,"division_id":3,"slug":"kalignj-3","name":"কালিগঞ্জ","name_en":"কালিগঞ্জ"},{"id":383,"district_id":52,"division_id":3,"slug":"kaliyakoir","name":"কালিয়াকৈর","name_en":"কালিয়াকৈর"},{"id":384,"district_id":52,"division_id":3,"slug":"tngoee","name":"টঙ্গী","name_en":"টঙ্গী"},{"id":385,"district_id":53,"division_id":3,"slug":"nrsingdee-sdr","name":"নরসিংদী সদর","name_en":"নরসিংদী সদর"},{"id":386,"district_id":53,"division_id":3,"slug":"plas","name":"পলাশ","name_en":"পলাশ"},{"id":387,"district_id":53,"division_id":3,"slug":"sibpur","name":"শিবপুর","name_en":"শিবপুর"},{"id":388,"district_id":53,"division_id":3,"slug":"belabo","name":"বেলাবো","name_en":"বেলাবো"},{"id":389,"district_id":53,"division_id":3,"slug":"mnohrdee","name":"মনোহরদী","name_en":"মনোহরদী"},{"id":390,"district_id":53,"division_id":3,"slug":"raypura","name":"রায়পুরা","name_en":"রায়পুরা"},{"id":391,"district_id":56,"division_id":3,"slug":"kasiyanee","name":"কাশিয়ানী","name_en":"কাশিয়ানী"},{"id":392,"district_id":56,"division_id":3,"slug":"muksudpur","name":"মুকসুদপুর","name_en":"মুকসুদপুর"},{"id":393,"district_id":56,"division_id":3,"slug":"gopalgnj-sdr","name":"গোপালগঞ্জ সদর","name_en":"গোপালগঞ্জ সদর"},{"id":394,"district_id":56,"division_id":3,"slug":"kotalipara","name":"কোটালিপাড়া","name_en":"কোটালিপাড়া"},{"id":395,"district_id":56,"division_id":3,"slug":"tunggeepara","name":"টুংগীপাড়া","name_en":"টুংগীপাড়া"},{"id":396,"district_id":57,"division_id":3,"slug":"sibcr","name":"শিবচর","name_en":"শিবচর"},{"id":397,"district_id":57,"division_id":3,"slug":"madareepur-sdr","name":"মাদারীপুর সদর","name_en":"মাদারীপুর সদর"},{"id":398,"district_id":57,"division_id":3,"slug":"rajoir","name":"রাজৈর","name_en":"রাজৈর"},{"id":399,"district_id":57,"division_id":3,"slug":"kalkinee","name":"কালকিনী","name_en":"কালকিনী"},{"id":400,"district_id":58,"division_id":3,"slug":"sriytpur-sdr","name":"শরিয়তপুর সদর","name_en":"শরিয়তপুর সদর"},{"id":401,"district_id":58,"division_id":3,"slug":"jajira","name":"জাজিরা","name_en":"জাজিরা"},{"id":402,"district_id":58,"division_id":3,"slug":"vedrgnj","name":"ভেদরগঞ্জ","name_en":"ভেদরগঞ্জ"},{"id":403,"district_id":58,"division_id":3,"slug":"nriya","name":"নড়িয়া","name_en":"নড়িয়া"},{"id":404,"district_id":58,"division_id":3,"slug":"damudza","name":"ডামুড্যা","name_en":"ডামুড্যা"},{"id":405,"district_id":58,"division_id":3,"slug":"gosairhat","name":"গোসাইরহাট","name_en":"গোসাইরহাট"},{"id":406,"district_id":61,"division_id":8,"slug":"dhrmpasa","name":"ধর্মপাশা","name_en":"ধর্মপাশা"},{"id":407,"district_id":61,"division_id":8,"slug":"jamalgnj","name":"জামালগঞ্জ","name_en":"জামালগঞ্জ"},{"id":408,"district_id":61,"division_id":8,"slug":"mdhzngr","name":"মধ্যনগর","name_en":"মধ্যনগর"},{"id":409,"district_id":61,"division_id":8,"slug":"tahirpur","name":"তাহিরপুর","name_en":"তাহিরপুর"},{"id":410,"district_id":61,"division_id":8,"slug":"dirai","name":"দিরাই","name_en":"দিরাই"},{"id":411,"district_id":61,"division_id":8,"slug":"salla","name":"শাল্লা","name_en":"শাল্লা"},{"id":412,"district_id":61,"division_id":8,"slug":"santignj","name":"শান্তিগঞ্জ","name_en":"শান্তিগঞ্জ"},{"id":413,"district_id":61,"division_id":8,"slug":"jgnnathpur","name":"জগন্নাথপুর","name_en":"জগন্নাথপুর"},{"id":414,"district_id":61,"division_id":8,"slug":"biswmvrpur","name":"বিশ্বম্ভরপুর","name_en":"বিশ্বম্ভরপুর"},{"id":415,"district_id":61,"division_id":8,"slug":"sunamgnj-sdr","name":"সুনামগঞ্জ সদর","name_en":"সুনামগঞ্জ সদর"},{"id":416,"district_id":61,"division_id":8,"slug":"chatk","name":"ছাতক","name_en":"ছাতক"},{"id":417,"district_id":61,"division_id":8,"slug":"doyarabajar","name":"দোয়ারাবাজার","name_en":"দোয়ারাবাজার"},{"id":418,"district_id":62,"division_id":8,"slug":"biswnath","name":"বিশ্বনাথ","name_en":"বিশ্বনাথ"},{"id":419,"district_id":62,"division_id":8,"slug":"oosmaneengr","name":"ওসমানীনগর","name_en":"ওসমানীনগর"},{"id":420,"district_id":62,"division_id":8,"slug":"kompaneegnj-2","name":"কোম্পানীগঞ্জ","name_en":"কোম্পানীগঞ্জ"},{"id":421,"district_id":62,"division_id":8,"slug":"goyainghat","name":"গোয়াইনঘাট","name_en":"গোয়াইনঘাট"},{"id":422,"district_id":62,"division_id":8,"slug":"jointapur","name":"জৈন্তাপুর","name_en":"জৈন্তাপুর"},{"id":423,"district_id":62,"division_id":8,"slug":"kanaighat","name":"কানাইঘাট","name_en":"কানাইঘাট"},{"id":424,"district_id":62,"division_id":8,"slug":"jkignj","name":"জকিগঞ্জ","name_en":"জকিগঞ্জ"},{"id":425,"district_id":62,"division_id":8,"slug":"biyanee-bajar","name":"বিয়ানী বাজার","name_en":"বিয়ানী বাজার"},{"id":426,"district_id":62,"division_id":8,"slug":"golapgnj","name":"গোলাপগঞ্জ","name_en":"গোলাপগঞ্জ"},{"id":427,"district_id":62,"division_id":8,"slug":"balagnj","name":"বালাগঞ্জ","name_en":"বালাগঞ্জ"},{"id":428,"district_id":62,"division_id":8,"slug":"dkshin-surma","name":"দক্ষিণ সুরমা","name_en":"দক্ষিণ সুরমা"},{"id":429,"district_id":62,"division_id":8,"slug":"fencugnj","name":"ফেঞ্চুগঞ্জ","name_en":"ফেঞ্চুগঞ্জ"},{"id":430,"district_id":62,"division_id":8,"slug":"silet-sdr","name":"সিলেট সদর","name_en":"সিলেট সদর"},{"id":431,"district_id":63,"division_id":8,"slug":"brlekha","name":"বড়লেখা","name_en":"বড়লেখা"},{"id":432,"district_id":63,"division_id":8,"slug":"juree","name":"জুড়ী","name_en":"জুড়ী"},{"id":433,"district_id":63,"division_id":8,"slug":"kulaura","name":"কুলাউড়া","name_en":"কুলাউড়া"},{"id":434,"district_id":63,"division_id":8,"slug":"moulveebajar-sdr","name":"মৌলভীবাজার সদর","name_en":"মৌলভীবাজার সদর"},{"id":435,"district_id":63,"division_id":8,"slug":"rajngr","name":"রাজনগর","name_en":"রাজনগর"},{"id":436,"district_id":63,"division_id":8,"slug":"kmlgnj","name":"কমলগঞ্জ","name_en":"কমলগঞ্জ"},{"id":437,"district_id":63,"division_id":8,"slug":"sreemngol","name":"শ্রীমঙ্গল","name_en":"শ্রীমঙ্গল"},{"id":438,"district_id":64,"division_id":8,"slug":"bahubl","name":"বাহুবল","name_en":"বাহুবল"},{"id":439,"district_id":64,"division_id":8,"slug":"nbeegnj","name":"নবীগঞ্জ","name_en":"নবীগঞ্জ"},{"id":440,"district_id":64,"division_id":8,"slug":"ajmirignj","name":"আজমিরিগঞ্জ","name_en":"আজমিরিগঞ্জ"},{"id":441,"district_id":64,"division_id":8,"slug":"baniyacng","name":"বানিয়াচং","name_en":"বানিয়াচং"},{"id":442,"district_id":64,"division_id":8,"slug":"hbignj-sdr","name":"হবিগঞ্জ সদর","name_en":"হবিগঞ্জ সদর"},{"id":443,"district_id":64,"division_id":8,"slug":"lakhai","name":"লাখাই","name_en":"লাখাই"},{"id":444,"district_id":64,"division_id":8,"slug":"sayestagnj","name":"শায়েস্তাগঞ্জ","name_en":"শায়েস্তাগঞ্জ"},{"id":445,"district_id":64,"division_id":8,"slug":"cunarughat","name":"চুনারুঘাট","name_en":"চুনারুঘাট"},{"id":446,"district_id":64,"division_id":8,"slug":"madhbpur","name":"মাধবপুর","name_en":"মাধবপুর"},{"id":447,"district_id":17,"division_id":2,"slug":"daudkandi","name":"দাউদকান্দি","name_en":"দাউদকান্দি"},{"id":448,"district_id":17,"division_id":2,"slug":"titas","name":"তিতাস","name_en":"তিতাস"},{"id":449,"district_id":17,"division_id":2,"slug":"homna","name":"হোমনা","name_en":"হোমনা"},{"id":450,"district_id":17,"division_id":2,"slug":"meghna","name":"মেঘনা","name_en":"মেঘনা"},{"id":451,"district_id":17,"division_id":2,"slug":"muradngr","name":"মুরাদনগর","name_en":"মুরাদনগর"},{"id":452,"district_id":17,"division_id":2,"slug":"debidwar","name":"দেবিদ্বার","name_en":"দেবিদ্বার"},{"id":453,"district_id":17,"division_id":2,"slug":"brakshmn-para","name":"ব্রাক্ষ্মণ পাড়া","name_en":"ব্রাক্ষ্মণ পাড়া"},{"id":454,"district_id":17,"division_id":2,"slug":"buricng","name":"বুড়িচং","name_en":"বুড়িচং"},{"id":455,"district_id":17,"division_id":2,"slug":"candina","name":"চান্দিনা","name_en":"চান্দিনা"},{"id":456,"district_id":17,"division_id":2,"slug":"brura","name":"বরুড়া","name_en":"বরুড়া"},{"id":457,"district_id":17,"division_id":2,"slug":"laksam","name":"লাকসাম","name_en":"লাকসাম"},{"id":458,"district_id":17,"division_id":2,"slug":"mnohrgnj","name":"মনোহরগঞ্জ","name_en":"মনোহরগঞ্জ"},{"id":459,"district_id":17,"division_id":2,"slug":"lalmai","name":"লালমাই","name_en":"লালমাই"},{"id":460,"district_id":17,"division_id":2,"slug":"nangolkot","name":"নাঙ্গলকোট","name_en":"নাঙ্গলকোট"},{"id":461,"district_id":17,"division_id":2,"slug":"kumilla-sdr-dkshin","name":"কুমিল্লা সদর দক্ষিণ","name_en":"কুমিল্লা সদর দক্ষিণ"},{"id":462,"district_id":17,"division_id":2,"slug":"couddgram","name":"চৌদ্দগ্রাম","name_en":"চৌদ্দগ্রাম"},{"id":463,"district_id":17,"division_id":2,"slug":"kumilla-adrs-sdr","name":"কুমিল্লা আদর্শ সদর","name_en":"কুমিল্লা আদর্শ সদর"},{"id":464,"district_id":9,"division_id":2,"slug":"ckriya","name":"চকরিয়া","name_en":"চকরিয়া"},{"id":465,"district_id":9,"division_id":2,"slug":"pekuya","name":"পেকুয়া","name_en":"পেকুয়া"},{"id":466,"district_id":9,"division_id":2,"slug":"kutubdiya","name":"কুতুবদিয়া","name_en":"কুতুবদিয়া"},{"id":467,"district_id":9,"division_id":2,"slug":"mheskhalee","name":"মহেশখালী","name_en":"মহেশখালী"},{"id":468,"district_id":9,"division_id":2,"slug":"kksbajar-sdr","name":"কক্সবাজার সদর","name_en":"কক্সবাজার সদর"},{"id":469,"district_id":9,"division_id":2,"slug":"eedgannoo","name":"ঈদগাঁও","name_en":"ঈদগাঁও"},{"id":470,"district_id":9,"division_id":2,"slug":"ramu","name":"রামু","name_en":"রামু"},{"id":471,"district_id":9,"division_id":2,"slug":"teknaf","name":"টেকনাফ","name_en":"টেকনাফ"},{"id":472,"district_id":9,"division_id":2,"slug":"ukhiya","name":"উখিয়া","name_en":"উখিয়া"},{"id":473,"district_id":10,"division_id":2,"slug":"dighinala","name":"দিঘিনালা","name_en":"দিঘিনালা"},{"id":474,"district_id":10,"division_id":2,"slug":"guimara","name":"গুইমারা","name_en":"গুইমারা"},{"id":475,"district_id":10,"division_id":2,"slug":"khagrachri-sdr","name":"খাগড়াছড়ি সদর","name_en":"খাগড়াছড়ি সদর"},{"id":476,"district_id":10,"division_id":2,"slug":"lksheechri","name":"লক্ষীছড়ি","name_en":"লক্ষীছড়ি"},{"id":477,"district_id":10,"division_id":2,"slug":"mhalchri","name":"মহালছড়ি","name_en":"মহালছড়ি"},{"id":478,"district_id":10,"division_id":2,"slug":"manikchri","name":"মানিকছড়ি","name_en":"মানিকছড়ি"},{"id":479,"district_id":10,"division_id":2,"slug":"matirangga","name":"মাটিরাংগা","name_en":"মাটিরাংগা"},{"id":480,"district_id":10,"division_id":2,"slug":"panchri","name":"পানছড়ি","name_en":"পানছড়ি"},{"id":481,"district_id":10,"division_id":2,"slug":"ramgr","name":"রামগড়","name_en":"রামগড়"},{"id":482,"district_id":11,"division_id":2,"slug":"baghaichri","name":"বাঘাইছড়ি","name_en":"বাঘাইছড়ি"},{"id":483,"district_id":11,"division_id":2,"slug":"brkl","name":"বরকল","name_en":"বরকল"},{"id":484,"district_id":11,"division_id":2,"slug":"kaukhalee-2","name":"কাউখালী","name_en":"কাউখালী"},{"id":485,"district_id":11,"division_id":2,"slug":"bilaichri","name":"বিলাইছড়ি","name_en":"বিলাইছড়ি"},{"id":486,"district_id":11,"division_id":2,"slug":"kaptai","name":"কাপ্তাই","name_en":"কাপ্তাই"},{"id":487,"district_id":11,"division_id":2,"slug":"jurachri","name":"জুরাছড়ি","name_en":"জুরাছড়ি"},{"id":488,"district_id":11,"division_id":2,"slug":"lnggdu","name":"লংগদু","name_en":"লংগদু"},{"id":489,"district_id":11,"division_id":2,"slug":"naniyarcr","name":"নানিয়ারচর","name_en":"নানিয়ারচর"},{"id":490,"district_id":11,"division_id":2,"slug":"rajsthalee","name":"রাজস্থালী","name_en":"রাজস্থালী"},{"id":491,"district_id":11,"division_id":2,"slug":"rangoamati-sdr","name":"রাঙ্গামাটি সদর","name_en":"রাঙ্গামাটি সদর"},{"id":492,"district_id":59,"division_id":3,"slug":"goyalnd","name":"গোয়ালন্দ","name_en":"গোয়ালন্দ"},{"id":493,"district_id":59,"division_id":3,"slug":"rajbaree-sdr","name":"রাজবাড়ী সদর","name_en":"রাজবাড়ী সদর"},{"id":494,"district_id":59,"division_id":3,"slug":"baliyakandi","name":"বালিয়াকান্দি","name_en":"বালিয়াকান্দি"},{"id":495,"district_id":59,"division_id":3,"slug":"kalukhalee","name":"কালুখালী","name_en":"কালুখালী"},{"id":496,"district_id":59,"division_id":3,"slug":"pangsa","name":"পাংশা","name_en":"পাংশা"},{"id":497,"district_id":60,"division_id":3,"slug":"alphadangoa","name":"আলফাডাঙ্গা","name_en":"আলফাডাঙ্গা"},{"id":498,"district_id":60,"division_id":3,"slug":"boyalmaree","name":"বোয়ালমারী","name_en":"বোয়ালমারী"},{"id":499,"district_id":60,"division_id":3,"slug":"mdhukhalee","name":"মধুখালী","name_en":"মধুখালী"},{"id":500,"district_id":60,"division_id":3,"slug":"ngrkanda","name":"নগরকান্দা","name_en":"নগরকান্দা"},{"id":501,"district_id":60,"division_id":3,"slug":"saltha","name":"সালথা","name_en":"সালথা"},{"id":502,"district_id":60,"division_id":3,"slug":"fridpur-sdr","name":"ফরিদপুর সদর","name_en":"ফরিদপুর সদর"},{"id":503,"district_id":60,"division_id":3,"slug":"vangga","name":"ভাংগা","name_en":"ভাংগা"},{"id":504,"district_id":60,"division_id":3,"slug":"crvdrasn","name":"চরভদ্রাসন","name_en":"চরভদ্রাসন"},{"id":505,"district_id":60,"division_id":3,"slug":"sdrpur","name":"সদরপুর","name_en":"সদরপুর"},{"id":506,"district_id":54,"division_id":3,"slug":"ruupgnj","name":"রূপগঞ্জ","name_en":"রূপগঞ্জ"},{"id":507,"district_id":54,"division_id":3,"slug":"araihajar","name":"আড়াইহাজার","name_en":"আড়াইহাজার"},{"id":508,"district_id":54,"division_id":3,"slug":"sonargannoo","name":"সোনারগাঁও","name_en":"সোনারগাঁও"},{"id":509,"district_id":54,"division_id":3,"slug":"narayngnj-sdr","name":"নারায়ণগঞ্জ সদর","name_en":"নারায়ণগঞ্জ সদর"},{"id":510,"district_id":54,"division_id":3,"slug":"bndr","name":"বন্দর","name_en":"বন্দর"},{"id":511,"district_id":55,"division_id":3,"slug":"dohar","name":"দোহার","name_en":"দোহার"},{"id":512,"district_id":55,"division_id":3,"slug":"nbabgnj-2","name":"নবাবগঞ্জ","name_en":"নবাবগঞ্জ"},{"id":513,"district_id":55,"division_id":3,"slug":"keraneegnj","name":"কেরানীগঞ্জ","name_en":"কেরানীগঞ্জ"},{"id":514,"district_id":55,"division_id":3,"slug":"savar","name":"সাভার","name_en":"সাভার"},{"id":515,"district_id":55,"division_id":3,"slug":"dhamrai","name":"ধামরাই","name_en":"ধামরাই"},{"id":516,"district_id":55,"division_id":3,"slug":"adabr","name":"আদাবর","name_en":"আদাবর"},{"id":517,"district_id":55,"division_id":3,"slug":"badda","name":"বাড্ডা","name_en":"বাড্ডা"},{"id":518,"district_id":55,"division_id":3,"slug":"bngsal","name":"বংশাল","name_en":"বংশাল"},{"id":519,"district_id":55,"division_id":3,"slug":"biman-bndr","name":"বিমান বন্দর","name_en":"বিমান বন্দর"},{"id":520,"district_id":55,"division_id":3,"slug":"bnanee","name":"বনানী","name_en":"বনানী"},{"id":521,"district_id":55,"division_id":3,"slug":"kzantnment","name":"ক্যান্টনমেন্ট","name_en":"ক্যান্টনমেন্ট"},{"id":522,"district_id":55,"division_id":3,"slug":"ckbajar","name":"চকবাজার","name_en":"চকবাজার"},{"id":523,"district_id":55,"division_id":3,"slug":"dkshinkhan","name":"দক্ষিণখান","name_en":"দক্ষিণখান"},{"id":524,"district_id":55,"division_id":3,"slug":"demra","name":"ডেমরা","name_en":"ডেমরা"},{"id":525,"district_id":55,"division_id":3,"slug":"dhanmndi","name":"ধানমন্ডি","name_en":"ধানমন্ডি"},{"id":526,"district_id":55,"division_id":3,"slug":"vashantek","name":"ভাষানটেক","name_en":"ভাষানটেক"},{"id":527,"district_id":55,"division_id":3,"slug":"vatara","name":"ভাটারা","name_en":"ভাটারা"},{"id":528,"district_id":55,"division_id":3,"slug":"gendariya","name":"গেন্ডারিয়া","name_en":"গেন্ডারিয়া"},{"id":529,"district_id":55,"division_id":3,"slug":"gulsan","name":"গুলশান","name_en":"গুলশান"},{"id":530,"district_id":55,"division_id":3,"slug":"hatirjhil","name":"হাতিরঝিল","name_en":"হাতিরঝিল"},{"id":531,"district_id":55,"division_id":3,"slug":"hajareebag","name":"হাজারীবাগ","name_en":"হাজারীবাগ"},{"id":532,"district_id":55,"division_id":3,"slug":"zatrabaree","name":"যাত্রাবাড়ী","name_en":"যাত্রাবাড়ী"},{"id":533,"district_id":55,"division_id":3,"slug":"kafrul","name":"কাফরুল","name_en":"কাফরুল"},{"id":534,"district_id":55,"division_id":3,"slug":"kdmtlee","name":"কদমতলী","name_en":"কদমতলী"},{"id":535,"district_id":55,"division_id":3,"slug":"kamrangoeer-cr","name":"কামরাঙ্গীর চর","name_en":"কামরাঙ্গীর চর"},{"id":536,"district_id":55,"division_id":3,"slug":"khilgannoo","name":"খিলগাঁও","name_en":"খিলগাঁও"},{"id":537,"district_id":55,"division_id":3,"slug":"khilkshet","name":"খিলক্ষেত","name_en":"খিলক্ষেত"},{"id":538,"district_id":55,"division_id":3,"slug":"kotyalee-2","name":"কোতয়ালী","name_en":"কোতয়ালী"},{"id":539,"district_id":55,"division_id":3,"slug":"lalbag","name":"লালবাগ","name_en":"লালবাগ"},{"id":540,"district_id":55,"division_id":3,"slug":"mirpur-2","name":"মিরপুর","name_en":"মিরপুর"},{"id":541,"district_id":55,"division_id":3,"slug":"mohammdpur-2","name":"মোহাম্মদপুর","name_en":"মোহাম্মদপুর"},{"id":542,"district_id":55,"division_id":3,"slug":"mtijhil","name":"মতিঝিল","name_en":"মতিঝিল"},{"id":543,"district_id":55,"division_id":3,"slug":"mugda","name":"মুগদা","name_en":"মুগদা"},{"id":544,"district_id":55,"division_id":3,"slug":"niu-market","name":"নিউ মার্কেট","name_en":"নিউ মার্কেট"},{"id":545,"district_id":55,"division_id":3,"slug":"pllbee","name":"পল্লবী","name_en":"পল্লবী"},{"id":546,"district_id":55,"division_id":3,"slug":"pltn","name":"পল্টন","name_en":"পল্টন"},{"id":547,"district_id":55,"division_id":3,"slug":"rmna","name":"রমনা","name_en":"রমনা"},{"id":548,"district_id":55,"division_id":3,"slug":"rampura","name":"রামপুরা","name_en":"রামপুরা"},{"id":549,"district_id":55,"division_id":3,"slug":"sbujbag","name":"সবুজবাগ","name_en":"সবুজবাগ"},{"id":550,"district_id":55,"division_id":3,"slug":"sahjahanpur","name":"শাহজাহানপুর","name_en":"শাহজাহানপুর"},{"id":551,"district_id":55,"division_id":3,"slug":"sah-alee","name":"শাহ্‌ আলী","name_en":"শাহ্‌ আলী"},{"id":552,"district_id":55,"division_id":3,"slug":"sahbag","name":"শাহবাগ","name_en":"শাহবাগ"},{"id":553,"district_id":55,"division_id":3,"slug":"szampur","name":"শ্যামপুর","name_en":"শ্যামপুর"},{"id":554,"district_id":55,"division_id":3,"slug":"sere-bangla-ngr","name":"শেরে বাংলা নগর","name_en":"শেরে বাংলা নগর"},{"id":555,"district_id":55,"division_id":3,"slug":"sutrapur","name":"সুত্রাপুর","name_en":"সুত্রাপুর"},{"id":556,"district_id":55,"division_id":3,"slug":"tejgannoo","name":"তেজগাঁও","name_en":"তেজগাঁও"},{"id":557,"district_id":55,"division_id":3,"slug":"tejgannoo-silp-elaka","name":"তেজগাঁও শিল্প এলাকা","name_en":"তেজগাঁও শিল্প এলাকা"},{"id":558,"district_id":55,"division_id":3,"slug":"turag","name":"তুরাগ","name_en":"তুরাগ"},{"id":559,"district_id":55,"division_id":3,"slug":"uttra-pscim","name":"উত্তরা পশ্চিম","name_en":"উত্তরা পশ্চিম"},{"id":560,"district_id":55,"division_id":3,"slug":"uttra-puurw","name":"উত্তরা পূর্ব","name_en":"উত্তরা পূর্ব"},{"id":561,"district_id":55,"division_id":3,"slug":"uttr-khan","name":"উত্তর খান","name_en":"উত্তর খান"},{"id":562,"district_id":55,"division_id":3,"slug":"waree","name":"ওয়ারী","name_en":"ওয়ারী"},{"id":563,"district_id":55,"division_id":3,"slug":"klabagan","name":"কলাবাগান","name_en":"কলাবাগান"}]